insert into Autor (AutorCode, SecondName, BirthDay) values (4, 'A2G5GWOJL279YIUWY5MHDN26VWN4B1YLP 1QUHTUM94QBLQT8X5GSJALR0BX1WVHVND69QO69RWCAO21KR72JB2JBBS1KEWW3GIH', '1540-5-4 0:5:15')
go


insert into Autor (AutorCode, SecondName, BirthDay) values (12, '6JMKLF91AS2864GL9BNL5AY5YHJHK1R2FPQ2PC5B5OL37UQP0OXAQOSIRT 0DCI 8OQTJWN62 3DP01P8AF9HIGWWV16INCQ9S0W', '1759-10-18 0:6:10')
go


insert into Autor (AutorCode, SecondName, BirthDay) values (5, ' R04O2STO JERUD6P39NPW8SXE DK3JHRVLA10G8XEI3WSMPN0PJWYOMFECIMF2SKIY8KSLFA7FNAEOJE6D NU8KQRF9AHW1Y5T3', '622-12-7 0:1:53')
go


insert into Autor (AutorCode, SecondName, BirthDay) values (1, '44B9EMWH OQF0O3VI5AHHRGBUM1GGM1J GFNU3QHJFK5F1RNF9 973RT034CFYMSQ2DH5FU4R9PHHWH8RC4UDNVJTTI16JRJI18Q', '295-9-5 0:1:9')
go


insert into Autor (AutorCode, SecondName, BirthDay) values (2, 'POBD I99XAJ5AB36BMFOTL5UW0R2S6RDS6ESVD1EEIBF6Y0AAHB1UYM6QA46E3EENJHDLRIQH3DM1OK6H FXA89GNKI5N67UDN4Q', '1216-4-27 0:3:47')
go


insert into Autor (AutorCode, SecondName, BirthDay) values (17, 'LEQ8NWGSTU8XY7Y8SJ 3LDOV8MWU0Q1 URJTA1ELXH MNF79JPEKEEMP9CUGG64QN4AIMXA56GLDH8KY0HPESQFL854UKSD6PK2B', '875-8-21 0:2:44')
go


insert into Autor (AutorCode, SecondName, BirthDay) values (9, 'W8A5REDC9KOS59U4EPDY1IE53J 17XNA7YQTAOEQNJANB9DBTXWS P0LOR9IOTEIIC5VTJAQ8LB48KIJFAJKUVZEV1RE1MC3QV5L', '199-11-18 0:0:40')
go


insert into Autor (AutorCode, SecondName, BirthDay) values (3, 'QWFMKHV63V5GNX3DQUYU492YOJ66PFMTVKSM184FEURPQBER59A7TI12CKBY42HUI103 2HX5RL0U7IU2KXT8AM27DQNM5VJ8NED', '738-12-9 0:2:25')
go


insert into Autor (AutorCode, SecondName, BirthDay) values (19, 'MMHBPTF21LO8TXH0J9XUUK3GQC2C4HXS2PURUVTNCS746EA7UF8T8EQOVLI6NF7TDGEYROWJNCO69OAT32 YR MMF4TGO4HTHA53', '1991-9-6 0:6:48')
go


insert into Autor (AutorCode, SecondName, BirthDay) values (10, '1PHJP5PNPC1A8QQQ76FLMFQ8G1PB9XAYO60I9B5AFQT408A5TNF M950NEGSGB5S26NBWA DT JS7QHT5TL5GP4TD5 QQP5F1I5W', '1306-9-19 0:4:15')
go


insert into Autor (AutorCode, SecondName, BirthDay) values (7, '4RCROXSVEMEQ7WHK54W9356RON 8RSY7EPKR6ARX4J9KGVENJ4VHPXLFQ F2XD661E3AXHCKTGGFPK9XFKI4JTFDASECIHITADIQ', '145-10-1 0:0:16')
go


insert into Autor (AutorCode, SecondName, BirthDay) values (16, 'XT3ESNG06HNWHQKB9 K8OF1YY0F68HL2L865AM II0R4A0VU0BIQ1LLG3PXC TARQKGHH6UOQ8J6E6FWAHFJI8HR73RDGRNTLEG5', '406-5-15 0:1:22')
go


insert into Autor (AutorCode, SecondName, BirthDay) values (0, 'ED2QB1HO59DA207E2J9HXHAFJ0YSS3AV1MSI45S9XK0AM3A5O2OMAVKO HJQBSUI8JBCD1DMVQVRPTUJ4KMST79AFF 9OEJTS343', '1905-5-13 0:6:26')
go


insert into Autor (AutorCode, SecondName, BirthDay) values (13, 'SWPH6KJ1HYNG4444B2PHIE HPNJPCFT5ESYJU9S2H47QB3DA3VWJO4F3M0L1J35EPIYLT8L9OPLA93QGUUIPCQBA4S6QSU3CLN6F', '1415-10-30 0:4:43')
go


insert into Autor (AutorCode, SecondName, BirthDay) values (6, '566PVFYF2GXJYMH2 INT8OQUSXSJXI5PIIAQ4543E GYLW8OQSKOIS3KY4UVH3R9YWCVDXQBE184N1U91TW8LQCPO9H2QV JFS4Y', '1006-8-30 0:3:8')
go


insert into Autor (AutorCode, SecondName, BirthDay) values (14, 'B K40T 42K1RBPK4VKIEVP GTOG RYLD28YM7QJL5SA8TVKH54BPG0S A7E5NGV04FY SLYPMOLMP 4 N04U63J20WQISL8DD28D', '498-10-29 0:1:34')
go


insert into Autor (AutorCode, SecondName, BirthDay) values (11, 'JEF7N5R140KVYOY S4 PD  NO02E6H7 2F8ART4J28EU4AHAUI0D4HF7SL M8QT1YAXQV1R8E598JU12V P3E6VSHHP1OPRSOU5T', '1138-4-26 0:3:36')
go


insert into Autor (AutorCode, SecondName, BirthDay) values (18, 'E1DAYK S22MLALBGSNW1164910CKK8OE1QBUGLKWXIV5EK7J78ONLCBD83JOWVIU0XK5JM3DRH33GIX 231D92F1N6 HWIQ1V4UE', '1-1-1 0:0:0')
go


insert into Autor (AutorCode, SecondName, BirthDay) values (8, 'QAUON39SKA6Y44IY0LVD17YCL4NDMLGXGIAO07 MS T3K175QI64J FQ0 OTLHD 2J1WQGI222UO AYU8PYHQ1Y11NFWNN9XTVSA', '1628-4-16 0:5:39')
go


insert into Autor (AutorCode, SecondName, BirthDay) values (15, '2CTK87EFD67T7A37LQTSHXLKXPD3U9HDP1FN2CUM5Q4 9PKMH5XH1Y4F24PW8S68QKMS8SN33RG8XMII76VOD52J34VSYS4GNPAK', '1540-5-4 0:5:15')
go


insert into TypeMail (ID, Name, Description) values (9, '1PQN40UOCQ1WOQ5', 'X1WLM83HMOHDCA4X5H8 R7T8X XI26NX SD8KYWK2J4BE18AT7AAACVY73K2GGI4UJCMKLHGP1Y8X93RQ90FSB4UPEYIOV8R8IJQWOOTQ1Q2A886REGKWGY19SMIW0CK3 A0L9FAIIR7LT58YI5C2NRMWBN664D8OGD7H6KDRLVFPLDJRO5QIKYIY6M 93VAKK5L5U3IGKEYCTHNU4377G M2TMTQHF8J3HR D 0WW8CXC3 664IX7DQ5QBYXHO')
go


insert into TypeMail (ID, Name, Description) values (8, '0H5ML8IGA063BS4', 'FP0TR7G63L8SNPQTU DWY9FMJDLW5  97HD1 OJSXEB 8P5DITFN5JCAM7A2ISHVQHHNB7PUKE1DWPHF4F523VUXGES2J3684ORNY9MFX0JVYB7PPXJGB5H7I09O6AW2DARKM4OPWV03XWH 9PRLL2FQ1B07QP46ET6GBWXU8YU2XK42ND3T83K6AXJHYB0D12 WIF1 MHMFD9NRNW0 WHFADPFV0YDH 2423CCEL 193P5XXG5IO84RCTIAE9N')
go


insert into TypeMail (ID, Name, Description) values (4, 'K0U8W4 0U4 EG99', 'DW8VLC3VCP9XADDEH1J9A06JE4PO55JYYB5JOXT82ADCOUIWAJYARTW4 J22FK 26OQM0YJRWOOG5K7PCSQBYER1CDWWLFKF0B7UVX0F72TK 29KL37LDEX2D9ILPXY4EJ0 1QSVDJQ6Y6BX3O J1 BNYRGQBNPVFGY1TN5BS5LYE7QUUN OKNMX0DJ0HL1246041G9RWSWO5TQ1Y1DQ1AEMHGYCU43SMNJK48YR6BFAL47WJSMK49V6EA1PJ1N')
go


insert into TypeMail (ID, Name, Description) values (5, 'VARP3EPN3TENYQ7', 'P S4RXIXL5F7WNNYFOOG8Y95NQ1JBAKD8ECNCX8L4CSKSSAGDLIWVAH0TLUDJ8BOD11A32Q8XAY4EYC11HXAVBE310NTV6AQS5HHWVRU8NDRAOJQHJG5OT0UC4FDYDYITY6YTCG7X0DO7 1HB2LE 4NDG3XWLM4SGPIP42EVH1990GCVVCN6K02PQ2XGS902DRT155J85F6BT6FB4PYWEVGK690FN69PTFCIH7AEQX8TRTL2QHOALLEHGWPHHR ')
go


insert into TypeMail (ID, Name, Description) values (13, 'EGLX2RC0ROK26FJ', 'RT47 TDCBR9E28IM3X3VBFLURXBHIOXK4X6GK DYNC8JNRYO5PXK9CT7HJQNSV5WGG30P EPWBNHE0EBTNGNPXR9IXJHRTFA6BBQ308KC5CXITLJD15XGXG7IF259FACK3BFOD4Y  9HC5TO QJ3M8FOXYQOBQR7K1NOQKWONJ8ON6VJJB6SMWSN 4Y1A HB01W4S7WX B8WD66BO1LJ443KM765RJILFNL7N3 DCD9ISLKMWRFQ3BJ7N4XQPXJ')
go


insert into TypeMail (ID, Name, Description) values (19, 'B2M2KTBQ3PWF YF', 'C62EBG5M0WHAPG3GFE1ARR RVNGPJ9VQ9D6YQLJOAL0DO7DT672WTOT 5XE13W6SHYHYOOGO052KF4F3N5NW3MMX3MWJYEW HL748OCLH4B XM9B4SC2MOFV6LGTIR538R46ETSYBR6Q1D616IA5C8DM7LAJ2B8D1PQW3MIUK5M JBJBUEBY6WSHH18CUMOPNH746UDVQ5EX2OWQMFW9VN2CO6UX L2G7WCPBLF3NDUT8 YGAB5 3NWLU2A3HD7')
go


insert into TypeMail (ID, Name, Description) values (0, '8RDG25J04FFE93C', 'I9JMG76W8L9WVI0K45IVYFF14GGCKBE0ASS3BB94HA1AEAWRYVAI5EREEF0J5BDLS4TL85RLITM9PVXQOGP5GDN3F110O7B7G1JI61U0LMTU4GSSJFMKXNHCQ0PI1OI8DQPY3806JO5M25DEBOM6IHVLBEYK3AIA2RTO2W01M8YVXYW8CG30BYOCSQI7TH41L54044VSP1BJ5TV3HG7UC33C9 V84OJEM9Q3DVXP57577K0W4SY0RUMGDEA2034')
go


insert into TypeMail (ID, Name, Description) values (15, 'VFQ9NGR0D68YCAD', 'EAWHKX0R7W935MXDT5Y1KO1YOARTRI K789 TXDAWC5M9WJB21W 79E48Q6B3NET7Q NVLLMKI6X3NYF3RV4AQLGGW7EFKD6UH3OF4B94U52UFMLGTMHTB6HSLTGSBR5US 1SQ2WNF5TFVX X9BYG9L5Y4BPW2FIYFIIYR7JCSSPDO22EMF7IV8JQAI2402F6RXKKH3HL006TIAKV2YMYGC41GJBGCB7ONUKY8XBYR7AN3MHL77FFE5L2I0YLAP')
go


insert into TypeMail (ID, Name, Description) values (2, '8YRM2H67WCBD7MN', 'JOHBM1EVU564 C635X6YM83OX2WVBU5NCM7TKGEY8 YYY2KK3DODXAX EFJIH67IV5A73HM4WHBAPM2T8L  Y7DWLTYQB9SJK OQM1K7IU 5HHILNGTT08VABW5RHDAW92Y4EPQ 2C9WBRTHTXH76A0TPMO5EG2N E5EEQM4TH D29V0E4SYEX9551LXA5KQ48U3F0U6BWGSAEMLEE38BE8RBCJJ4O928 6313XNCDKQE91J26AOELJ36XNSQ L')
go


insert into TypeMail (ID, Name, Description) values (6, '7OED49YY4CGCMC ', 'E94ROK6JW1VRAJL54Y2SAV0TI AKXMN5FEDTK65B8RHXUPTYFWTIFRUP884IK5WFR4L1VRJYT6GJ8L0JK E  V YFRA9QGM1V5RO40H5S88MRPU0HMV53SW94MR0XEDK7I0I8DUO56DP0CQH IHMHVSDA6PM PCP1JQTJ44ASHMU3LO4VJLF39F4T4ED4TD3LUBGSBGTKYTNGBD4T R6GVBBFCB53Y0G09GT4QM25N27Y45QECQ1CFKSU23DW7E')
go


insert into TypeMail (ID, Name, Description) values (12, 'XAJIKD00R2KU1RM', 'JBYWQ3 3Y8YI7VF154FBM1F0HNRIW1CD3GDKPMG0DBGJUXGOPBAK5731AC8G9FXFX97LO4A58V3MT56DQCBMCXIS5AJ2DCEOVHI83DFVI82HE3C3ID4UGNI 1TYJSHUYTSIV2HMC7OTWCMHGIJNQB8O2 46BJX8OMPT223C8DC5V 2YQ2T3V71G31C2Y889Y8R7K85V01B2I65VWN5Y4 O SAIS4XAFKLAV863BNAKW5AY2IQDYE1A7ISITQBF0')
go


insert into TypeMail (ID, Name, Description) values (16, '2 V4DK0TKLRJHVM', 'XQL630OGXA 86718TU86UADWCQ8VTKD33MUTCH5 65C 9DBUQHCXO7TJY8D1IDAGUC5SCR4AF2DA4S63T89UEPYHPJLJ7YOSIYHAKKKJC9NMOXA0BPGRICJRLVH0C3IF7MSWP8 QA ON0TVE1I9XS5N89HGBM35LKFUEKI4M8HVFC2GSKBXQ4PUL2OWLTRC9 LEV3SAQT4K92P K2TOXK327YS3AWH95HA1QFW3DC7 NQEVVEQKJBYNBK572 5I')
go


insert into TypeMail (ID, Name, Description) values (18, ' LDURTXF4O23O7G', 'SOSCLV8LNS49I0BWM0TLUQGDX65CYD60HYDQFTR9FR9FYS47I4VMGCBDRR7H8GH7CAAJGXXXEJ2GE11E IPG6TQ8EWTIFUMU8AX04WPWY105IYTHDN5S7YGX5UE8EAK6S9MB9ONUDUKAAURVNN49WTST5IIE9PVRG6RJXBSTM7AJ 7NCOAHD1GLOAGNLD3NMFMSLG0QBH0PH5NU4218KJ85R7XGCGQG6QV6EG6L9JTGLL 8V6YB4PLELFTH2HXG')
go


insert into TypeMail (ID, Name, Description) values (3, 'DJH3WHQCSXPY98Y', '95TDPUB1Y5T48E58K6SQB25Q74ME5N9B363X8T472EWDP 8QN1 I9GN31CJURHD9C8VEKTHTQ8LW7 J8 HJQ0Y0 VWGJ4T500D3D7NC5GB1EUDFQS07IK0CEXCU78QJUKJ9FJ9WY654MMCJSQXDYP9WUU1WM3LPJVEL8W1GJ9YADGFJFVA189N0GO5FLJ0YG5FYHHJGQETPF5DC8OYXJVE9SUMVWCYRF4UVUGNLXQH5NGB E0KB342D 63EF8NQ')
go


insert into TypeMail (ID, Name, Description) values (7, 'DHD06LJ446ICX07', 'UUPH3TIK0UL4W JOI5K96IF6Q 4R2QJNNRSL HKEEOIP2APQSS3E0EKP7VXGQEEFATQRBDJ42LFP5TRP 061 4T55YLJDKC7R9U2X5F0ID8I1WU9ABK5EUUSSNXSYKN5JUBBOJIHR6O8RUG6ILTDOPK6YWJLIMXQPL3 H2D3CL9LCQCHY67Y6P6WYXV23U4HU3U597SKELA0VQKAHRVUDR5SMG1VR9E3283LYCYSHMSIEQFWHGPMRQARDL0FMS6')
go


insert into TypeMail (ID, Name, Description) values (10, 'SPX0WAI86YSWS4L', 'H B3QKR9SSFMU2OJQTTDKSBL 3TJST99MT4YN3MCQ 9EB0BRF RAJ16FO825LIGMQ7RG1M18 AOL0GDAPWNQ52UDBSN49W L4GR9C8061FRBKKFIJ27OLGSCFA9JQ9EQBA3RK0GNLOWLBM08XKLXQUDHRP2APS6YY033G56IEVX5AWJE6XD24XU98OK ITOCTGKABRVUHB3J2PACM8HGWCDFV9R32N7DW M26470XW121DJLT5B7 U2YW4XR2OW')
go


insert into TypeMail (ID, Name, Description) values (14, 'R2LD7CGGAGHXMXQ', 'RBHVYQEOO10UT29E0GSO8S7V6NEV0R9UGCEB9BXQS9LWPUTWQEVP9J6PNOTPM4T3RENA2U QJ634CMF07NL0Q LD9ML24QTG73QL81WWFKIR8BLK2DRLYNAJ3CHUUUPTO4OGG41FAADIIITBBXKUYM5UMTRHWD1U8G1H33TC4GPF9GLY8QWKJO3SJ6AR7VC5A3VOGKMMA95080I0BG30BA3TTPDTEL7AJASFGRY5E3T5 S50EV QOH28QWXB F7')
go


insert into TypeMail (ID, Name, Description) values (17, '0XL03EEHEP T8AC', 'NYDYMWM9PEHA5V 4ALY0US31ASCC75V0MQX1FCQ3 G4UQ1F36AT4PLG24VTLYY59EFK7I5B0K1V40COQU4NR7UO6R295B63O5U68XE9KYVODHJWSE2YXK1FI6RP0KE7 Y1QE314EJ1RF33W UB86GG468MFQA OYQFDGVP34OSFI57733E9KX6RCOMTDK3BCDLFQKW0GKR3JFY Y 4WOF2177YEJTMK1MJD5STF3BSGT14YD8I7NURB D6WCVAL')
go


insert into TypeMail (ID, Name, Description) values (11, 'Q48O9DISTS8ECT6', 'V7ES1NJIRY39AKCO8HXD5GNLXO36I0L6POQGDMV28G1GCX 6G91RCXYHBIP86VSRHJ9CJLCKBNE4 I7A  PUYDOBH6GA3KYG573ILUE6U94JO2XFQ26C8AJ2SUYMIIV OYI7025OOYJ4HTWNQQW1 K3DKO3Q8L7S3 4UUEJIQB6DWALQ04MXIJNHAN4AK5AXFGWYPC9TWTW32IC1MDD4NVDDCOI1ETD4SDY9NTUC5TS3KU5NOEIYRQ2L8M 02QC')
go


insert into TypeMail (ID, Name, Description) values (1, 'JDOCAMDE91K1389', 'R9ORND4JIIKBGK4X993MUSMGEH7N9ID VY62400EEYB4CRJ88K9LE5HYPK2S26NS53MWV9MBPJ374BPJLRLKDTNU24Q1U1W2YTPK9EHUVDYS91N011P0OBV2QPPA7LTVAFWNQ6KEWJSEG5RLVP3MFMBGIYAOVWJ4T4R0 V77J7EVHHX33Y6FTCJL ISOPJMGU8KSSC563KJACDD0D68Q7LHTC4D1TL08D2NF4XM3MSR16OPO OK27XJ8EH3RCO0')
go


insert into Publisher (Code, Address) values (5, 'DDQM2QHLN631DAL06D 6LM 52OD2X77PRQXR5SIOLU3YODVSB3GCRVDKSDXGJ5M3VSD7O0DEBR74SH0CWX100YJ9JCMHVXG8SMWX')
go


insert into Publisher (Code, Address) values (9, '68RS4IW6YY5JN28TQ3B8PQA1LSEDSMR9UXIQHSA7BTG5HY6S13FAVU8C7J2SG8UWR9E26JYONR3UN4FCXFQ915B3WQ7KP2H1P2AI')
go


insert into Publisher (Code, Address) values (16, 'AR0FN6C6OA3D183SD9YDQIJSNXK7AQ0P5N3QQ ENCAW3V9DHD 0MIPUCRRKCVFI6FLGB2VLOR517P ITT70QUTX2QMFUNXQE 1R9')
go


insert into Publisher (Code, Address) values (7, 'M68J816QLIG6R0V11 MRKTMHJMLP2QA17UMEFAM6DL6WJP67B S2JQ7EAL4C5FSKCH7F9F5EMMP7RMXCK9BI8WP7CMCIX5M5CDDM')
go


insert into Publisher (Code, Address) values (6, 'Y14PRP36CCQ JY5LH38U23B8I0MIBHJV YBR IDUFLO1OT8OE5ESG24I6B4Q5D82336O7HO5I8FSB9K2E4DRD7W8JH3FIBWVCML ')
go


insert into Publisher (Code, Address) values (4, '6L5XBB51GC5X67S1HXS7H6WFV73 1S0JFLYXVYIV U1COQW658 262L5EKEWU0EP9TARHJTUI4CC58F8LSPG15MB6OF4LUB6R8D1')
go


insert into Publisher (Code, Address) values (0, 'QKRWF76T6BNLSY7WTH02YER I2Q3RKI6IOPFWUNKITD4GPPSJ9DYB74R KA0X3YKWNF5XCYC9QX25OLFFVR MC5MSD1UOS1GEIC8')
go


insert into Publisher (Code, Address) values (8, '8RBQT57277624WTH0NKNYOMX7B42OBAACQYBTEL5O7TTF0P9DL6TQV81JXLFQDPAKM5H7V1SHCXRI13IFCQ0PHJCFKWLV3KL0D7M')
go


insert into Publisher (Code, Address) values (18, '77YT9UYTR18RNP22S5SEEUGFL3B0JNGXB4DKGOCTV6U2B5 N2PP6S1QRR31QSR9LAJTOAELKTQ7TGTFDY6M2R1A9I07D7L0O8IC7')
go


insert into Publisher (Code, Address) values (3, 'R99OV75SVGAQ7OCU5FNK7WYY T46GAJPN5VRK8197IH7RI7PNED7JYVV5P3WL7I0KM19QMPSU303W448PU2MHL4 G4DOKUWGSVDL')
go


insert into Publisher (Code, Address) values (13, 'FALGWXVM54HFLCD489BHGNI6IVWQITJ03CMNEG4YDA9QA1  DQQ0JK10Y48YLX7RC2A80OR3OKWYLSLBOR2MRRJOML5NQE3W5VJF')
go


insert into Publisher (Code, Address) values (11, '9D 1E0FA44W78ELS1QNKJHEQF2 GQB XGUUN9UEE86PKES3C3P0 13AKWFLBL5LSN7JN7HVB1SSCU7XJCJ96OUOU7LSCJ81FP38R')
go


insert into Publisher (Code, Address) values (2, 'GHGGIF 8H4Y12Q59DFWR6FD8MLFRAU6IJJ9PA84 J7JYAHF98LVTDC7N6HE2RHMF9IY9X 34G6MQSLT4QB2 6G93V75 DMVVNERU')
go


insert into Publisher (Code, Address) values (1, 'N4U62 O95K5OKMDNRKE1LBEN2M764EEHIQBIEPNVSI9PRUCK22MTJFEJLF IAU4NDLIHSL28U90TKBYXT2XP7EYKKNL 27Q9T4D9')
go


insert into Publisher (Code, Address) values (17, 'U3 F78ALJOSAIBCUB7C08LGMN5JK9D0 HO 0NK0JKLYNF6XBYYFNQ7 DKGD9V2HOV46VM 6 QY1ENQR4E KJY0O1J3NGLLW8GA7D')
go


insert into Publisher (Code, Address) values (19, 'FYQ7HS6D0OY4APP8JB1CN5AN6 DJ05864JPFGB3P4EP3GQ9N 0MX6WQR4X4BJY IJF6QMV 3FV5R3U66GOYDRSX3RTA7C1OUA274')
go


insert into Publisher (Code, Address) values (10, 'AXKH3TJPNX0I0HN4ADFD5L5R1U25RHXHX65D3K4FU2RTFCCHYE8Q5YXGF2HS6CGNDEIJ725DOH N9SOS5RXPF8YNPHQII2 BQL08')
go


insert into Publisher (Code, Address) values (14, 'Y0XTGLS0XYE7OJM8EDJMB26IGMQ5CWI4MPU1QWS8HQ5RIV N901JXYQBJPWNWKF7C285D353WMRHX53R GVIJESY4LT8B1N0 RI5')
go


insert into Publisher (Code, Address) values (15, 'XHB CHR7IY2BDUEG64RGAHWTELWM18T 4EINFYL6AX34TOI25JQT7OX7 XD8FVN4NW5DC982JVW7BGLBI2Q2LEP9X8U457CTW1B4')
go


insert into Publisher (Code, Address) values (12, 'AY2TM134M28RSB5D136D8SPHVFIKK1MC9DLB4SRQB20WS3TEWVAW42TU2FQUM96U0E9C OLCROJ2MC55DG326OLA SOY99PV4LMM')
go


insert into Region (RegionCode, Name) values (5, 'QDXE38BK03US7RMU0SPKADSU8HOBSA9NRJNFAKRVV1X4KSWFKW40QI2VEGXBP6KICWCSJUI3W4O40D7Y5EY2ICF1YGD2LK2HLAOS')
go


insert into Region (RegionCode, Name) values (15, '54HL2S4YE9HTQIXY3L21API5WCGOFADLTQ5911BMRD8V63PVA3PWH3 2EI LJ04BI1HCCND3KSFC0M1U6TL1G6D826F6EBOYEN3G')
go


insert into Region (RegionCode, Name) values (19, 'BYF8FRNTMAOU5WKBV5B AQ4R8PSG19YO 0NSBOYC5WFQUOY17VJHMLV24CAM7RQH8H7GH2XEIW397MLUPVOWXE18U 15 7IQOPCT')
go


insert into Region (RegionCode, Name) values (13, 'FNPTFHK5ECVSEAJ8EXKU03WQOTYPRPABXB TDDP YLQD2 UGF4UU TQUYW92N4CE31Y3M2F7MBLICEFER3ULYXJ P 6YBAUBA0AO')
go


insert into Region (RegionCode, Name) values (9, '8MP9GMIGKP4SD31VUT8H6QVTK44B4KB30TJGTQXWWORBLIIUDLUKS 8LXAKGI6S7L1VYB1X ASAJXXR210DGBPHKO2KSPI19DETX')
go


insert into Region (RegionCode, Name) values (14, 'U537F5KW92XL5FW7S1IG DK85CX ILEDJPJHTHMTOSKRRXISJ9PDPS3LLNTH 0R8XMV5P9EIM4VDP7C26TXVIMKM4IN8IP0BQXBW')
go


insert into Region (RegionCode, Name) values (8, '7IX8R9IONNIUKCOVVPL 28U6MCCEYSJX40912LP9X99TVJVQYMP6 7ELM9Y4WJRQ34IXSK65TPQLKE16TMJOT0S8KI206OS9IWQT')
go


insert into Region (RegionCode, Name) values (2, 'GV7R8C8OCX7C9JOVQF47BQYKMVXWK04JWAMXY50H7EXTUWS 5BW2K8W5EWYE6VUS6TQWISDBG6AKWXL7TQ9RO 8 YQ9X6H36OLGA')
go


insert into Region (RegionCode, Name) values (4, '7JPFNTYYMGSLQUTLWNAB IR10H4A1V474DBYO 2QUY5683SD7II7GHUR077H94P27WNWNKA5CLHTWXS8DH9NO4GFANN6HWNQ1E58')
go


insert into Region (RegionCode, Name) values (18, 'L89OHI1PB4L6WM4RAG0TN1OBKJIYUU 8ST8IM6586E2EMTL0A55TEUVACHPV5J8F6PT6I5SOS0IPD8GYO7RNVI1CETUHOIR7F2L1')
go


insert into Region (RegionCode, Name) values (11, '5QGWTD0 PF948FPYI58U10TEVO60IBQ 9SLO408I MNU2SERFHE SO0NYJ56N W7FYROXLC0COAFLCRHMXMXGLFM BBXEPAC EHI')
go


insert into Region (RegionCode, Name) values (1, 'O 3LO3U2FDA SKXP5NH4QVDFICNG22CO46ORO21VJB IG3FAAY8ETO2P4W8YKGYKBCWHTFMU6PDOWV9JJQ72JW6SKIVR6T JJS22')
go


insert into Region (RegionCode, Name) values (0, 'DOCWSAHL7XL7TEG62EGHIHU3C 3RE 08CY2V7Y P8 LYEGM5DLRKVA1MCF DRJ35J2MGIRXVMCIESOSU3NXRVJUF5EFFT97DLGUB')
go


insert into Region (RegionCode, Name) values (7, '0V0DR1L SUNIRCVM 17 MO5UY3TTV9N DNFWWP44F1ESM4IN0OJ7BQ GW4UWJ80WHMVJYNE35ESSQ3R7YKUCMRR1OLTDITUEKFLS')
go


insert into Region (RegionCode, Name) values (17, 'QVT4I91YX0MN7YN4PHB8KXQEI26R3XFKRXPBH5Y7T936D8 NGELM4O5L2R16S1M5C6IO8NURTX9WBYGFMMHN5K6WGAGNP 1AMHO5')
go


insert into Region (RegionCode, Name) values (6, 'ALLC2R6U8T4DOWYOUHFQRPJ77Y32HHNJDXJ2J3XXLQPTWM01JG0WSOFQTHN1JFYLKRNFY0O05PAHDXNV OOL6MA H465B64X6DCB')
go


insert into Region (RegionCode, Name) values (12, 'V6KSWWNIWHXA3HKGCK8OCOMP CP4T6L2JYU 5P G5QXB6DHGI4KET0HGK4CMDRWE3CP3IJ39GPRTP0O3LOGOO8TKVEMS0VCFC0FL')
go


insert into Region (RegionCode, Name) values (10, 'T48A23LMI8X4D88XWJ5MGO8V7DGQ AAU8789X8LHPYMUEE7GSCMJO5V1OBD7E4M46TIER6 YMDLUYHOHX7UPOO8EFXP7T5SMD0W8')
go


insert into Region (RegionCode, Name) values (3, '3LYM Q985G264RYWEQ3XSKMI7N5FS3US9SUWNGJFVXQJJXNCHI8IAQTADL6JQIAFCRV5W6WBS75JKO5KGRHXT4J1TLATQTQX75GM')
go


insert into Region (RegionCode, Name) values (16, '6MC5B5R0X68LK0NWIKITWU 3MS7II8WGBQDMOE3PLR5TUCO1S01XQBQ3JA7SOYNPDJ2TW6MBSWQ24KFVDNY87K4EVFVRWY2DN9 6')
go


insert into Edition (ISBN, Publisher, Autor, Name) values ('BAHU9VAOUSU9WWWVCB51', 11, 6, '9C59M1SAXB1YKLKYYIYBISL0VBXA5W487P20BRHH 0PMDUIBML6VI8 CYQ59DXFB6OKSI2SM5PDGDEIHSFM62UFXC5HKD8134CK4')
go


insert into Edition (ISBN, Publisher, Autor, Name) values ('MOGDOMMU REKNM7 EFIS', 17, 19, ' 0UI6F75ODLO37 FS01IY5E5MPJ6G0JV8BRW3BWV4FS IAH73Q1SXHVBCXF5Q3FDLBTG7RO5B08EB6UK6PMEQ3DVJ3DFV5RD306O')
go


insert into Edition (ISBN, Publisher, Autor, Name) values ('PG57AYI3TWBEKABMCGVL', 17, 8, '28CXN50U0JCX081U21YW 2YE0XK M353KE6KBJ93E5S3BBKIYJ60AEUBMBFQTT01V1 U9J5WM0JCONJQP046S9RDGEGK373SD56W')
go


insert into Edition (ISBN, Publisher, Autor, Name) values ('2NYH974WAHBH834R57 8', 18, 8, '96XW09FAEG9QUYGPMIDLIB9TPWQJTTLBU3SK76V KR4O93AFPMI12H09L5CC5BP2AN1E76TX15IJ1ABJQSWJPEF2IXC7O4FKPT Q')
go


insert into Edition (ISBN, Publisher, Autor, Name) values ('   3RIC2TCOYLAVH4BJS', 18, 7, '6VPXIWWBNISK6SDWBRPS2T61YS9LY7WRN IAEXPVR FKB3SV1CNEK2ANT28CO58PDHTOYUHWC JX7U1096HA3M9RDUVGCKBMGEM6')
go


insert into Edition (ISBN, Publisher, Autor, Name) values ('M7792UEAEXR5IYB0QW78', 8, 3, '5UP4N0XFMS0UOE37K0LX07AV53LF6XJ9RVY38OXB7ENTBBSDOIUQFC1220I27IOUEHUAWTF7CRX8FCHEUYOLLMBUW6L9GMP8DUY3')
go


insert into Edition (ISBN, Publisher, Autor, Name) values ('X0WK R4YHGD9SIUL644N', 18, 6, 'RBU47LVBJ5K9CVOUPLRF67CQ3YS4TUYS7C3HPBI9HG0D6IKPBXMHACB3KEMLO KKW4N6L W2D79K4O D8FK1AF3SNXH8KHGJR2IE')
go


insert into Edition (ISBN, Publisher, Autor, Name) values ('V2DNABXHVOGISGYFDVO2', 19, 13, 'EC4PLHD1TWPUJ5XJ5299EO5X15DP0S8TERC1UIUGKBH5L7GTHFIT20V0AH407YUHO8QT1ORUIS431XI6TDHOADK8EMI83H V1GFP')
go


insert into Edition (ISBN, Publisher, Autor, Name) values ('W60B3WTSSFX145BDIS16', 10, 11, 'YKXAK9DU5B81PGQGPW 6R1K6CT7W4HW05F43I6HPLYPILWLQNEDONVOVXWV77IHI3LCR1N A9EAV5HJUK8Y50A8NWUM6LDC TC22')
go


insert into Edition (ISBN, Publisher, Autor, Name) values ('9PS5RQR PYL07AFCIMU4', 0, 2, '33S0BC9L48X03Q02M08TMXXKGUB3L4B7DNX4AMCM1R5D7CAA5HOLPKUGPEBD FNRF0ERW6X79BLX1Q53 SN119YD249CU16QILA ')
go


insert into Edition (ISBN, Publisher, Autor, Name) values ('HG15FG6YM7B7UHUCJ5T2', 4, 1, '65T4UUQL4PF79L69SRE81T4CATHGOFOTGUDFOY0677HQ CD4GYSCVUWOPRQTT9O4CPJPGVYGBDA5V1EHQUAGNCKIT4MYIGGOQCRV')
go


insert into Edition (ISBN, Publisher, Autor, Name) values ('R3XTIO37VHLO 17Y THW', 17, 7, 'MJ22TF8DFDE3OLLP7 8XJ6BI6 67RHY9FHYIAUCPYQLLKK0M57XY6IMI1K39V3NMTX7AN53WK28J0875W1TI8PRD1IFES7W4NRFQ')
go


insert into Edition (ISBN, Publisher, Autor, Name) values ('EK14B8E8023X 1TF7H03', 14, 6, '14I222JEVAKOM60DILKWXUG0J29AGHB4YM8Q62TJAIVXB P956DE97HEF2S4MAKM2QAV91D7PUH3OG3TGK2GCVWU Q5Y92UBFNCS')
go


insert into Edition (ISBN, Publisher, Autor, Name) values ('Q SLG5O OUWLU1 T4Q5T', 6, 16, 'JKMMSGBQ9BEL41 49S0F2RILA8Y7CQKA00WULKSUCTY 304WXM98T0I7F0O5DHOHF9NVCNUT2 0DL5WMYM26NIFE47UYDLU DXBM')
go


insert into Edition (ISBN, Publisher, Autor, Name) values ('G448P4CPXVQMHB8R7 90', 5, 14, 'MA EAHW 24CJSQW38EY5O89CHVVP59EV876VMJ0YDW DPH9SL0FV39UW5C13U7DCBB1RJ5QEIJT6N6OVYUME81H5145WFASNAOL4')
go


insert into Edition (ISBN, Publisher, Autor, Name) values ('5P0CAWGNIJW D000 EOF', 6, 14, '7XH9U7IGFOP VHWWO15I5ILAIS9BSIICO4PE C33MJXJ5R40TCSBRY8WKJDSS5VAPMXMVGBDJ  XVLQRSOETE3HQT2QEJ6D6U2NL')
go


insert into Edition (ISBN, Publisher, Autor, Name) values ('OABV8AO2WU9DW9KDCO9C', 18, 11, 'O991CVJGG5MLLG24WO97BM1DJ78MFNFXUKP6XQ8CJLBDYRSADM43V00UN55OLAU45DWB PUN3FRACAQA71 N0QCXWXGT8HILMVKE')
go


insert into Edition (ISBN, Publisher, Autor, Name) values ('JQGLIMBRPJ19OAD8XD B', 8, 10, '0O1EC6I02E Y24GI40UIORVU0G3MKC1Q74OIRKNM85P3XBLODL9JMWS3F38FKA52N6IS5JQKN74C 4 NN FPOU15PVN6IB9J4MF ')
go


insert into Edition (ISBN, Publisher, Autor, Name) values ('G5KO508UU S115NB0 6C', 0, 4, 'L2XQ XF9S9R7OB7R1705VY3VJ8BO9Y9PFDUEMAWE4LLNYDI86QMKR7BG4XOIFAXIASQ7S S325OMQL7NXED9W35RYKDCRDDU3V9A')
go


insert into Edition (ISBN, Publisher, Autor, Name) values ('GWNRFI1LAP 54JL1Y5RQ', 7, 5, 'HAGNY3R623AFA96KQRFK0CUY8OJ12AO5E67AGR3USMQTMKM4D  IMP5JK8FDMTTN5AH3HMFFILK2JQP3Q7Q5B6TN8S30JGY41VM4')
go


insert into ClientAdress (ID, Region, Street, House, Letter, Flat) values (16, 3, 'IQ0GYQ6J 7YKVNCT5 YV8YVMR0NOIN045NS 162 VMP79N60OKPT9MJJ71TI5L9FBFFUO15L654V74MCOUU0DYQ3PUQRAMBWYJNY', 13, 'B', 9)
go


insert into ClientAdress (ID, Region, Street, House, Letter, Flat) values (13, 8, 'JPFLJ6BQKHMEPEX00OIG1EQQ91MLBNSJ AY1T8S84V1NNY2TI8YP8UO65SLFTJRB7HS062PBA1UGLDUTWM5TLGX6WFP886VE6P1F', 8, 'C', 6)
go


insert into ClientAdress (ID, Region, Street, House, Letter, Flat) values (4, 12, '5IOBFE24YOGS1K7ORPDA48GPNO29LYU4EMWYJ2OTF3JYKG92L6HGA3EJCASU0XET0L2DHPSM YCYVBIO8N7YMK39 G1GP V69QF4', 3, 'D', 5)
go


insert into ClientAdress (ID, Region, Street, House, Letter, Flat) values (7, 19, 'WRFJURLS5S74501L4W5CEQATR5IRQJP459PIJ6JVE7JX2C1ILY63SWL111K1AN8SFXTBX 12CMTG WR9M8UTMTJN70CD2XUTQ2XP', 0, 'E', 15)
go


insert into ClientAdress (ID, Region, Street, House, Letter, Flat) values (11, 4, '27EKILD271ATJXUOLJ7NN150J9WERQ79CXH18HIYAB9IIWWRR99CMQD5DU942LXJEFPKM9LA2FT6FNS1DDUH2EEVLWEXYYC 670K', 19, 'F', 11)
go


insert into ClientAdress (ID, Region, Street, House, Letter, Flat) values (0, 11, 'JH23P8OY B9F2DM8S M6GU79ITRXWSTWMHCCMP1GOQ5ONXW5B1H HC8WLTJM1Y5UC5VTG2NPRCBJ9VD8 WI1K2G0V8 8FMI3X37C', 17, 'G', 12)
go


insert into ClientAdress (ID, Region, Street, House, Letter, Flat) values (1, 4, '8LS1A9MLC7CVWE64SYF7S2KS3U QCISK7RBB2A DM2NT 62TK18JIUNBEV58FC91W9IPPVDA1RM9VEPMKKHD3WQNX04GP5694UAW', 12, 'H', 1)
go


insert into ClientAdress (ID, Region, Street, House, Letter, Flat) values (15, 8, 'L2PNVQ6T1 P0RVCLA59KMVJSI35L0G1VWN1QNKPHQGRADHFDM4TSO4LU02UBW7Q2L0DO935OY0HQX4 DH2WVIK0S3LYOICSBC8SH', 5, 'I', 13)
go


insert into ClientAdress (ID, Region, Street, House, Letter, Flat) values (9, 4, 'Q607IHLG8KRM W4CX905HU7QQB9WP0E5IXAA0FTJDV M 53LXBDULOBITNNF QBI9LILRXXXQ5H570FYU3E6PJ2XA40 8EPCXJR3', 15, ' ', 2)
go


insert into ClientAdress (ID, Region, Street, House, Letter, Flat) values (3, 10, 'YVQIXQKJ4DVM81XWVLASWLY1AQRBPCMAHP00X14EXP2Q0SD6WOSTR4MGT1Q06O9 2KO6WQIVP6RBB4KJD7HN6VNH7CTX3FBF78KJ', 18, '0', 16)
go


insert into ClientAdress (ID, Region, Street, House, Letter, Flat) values (10, 6, '9F189OLQHKPSE2XIMU7KYUDKY3EJBIGJCI7GFY 27NJFGM1ETN0KL2RLN9 SVBDDRJMP8WJLF07NMBHETMJUC8HTW68QFCH89IKB', 6, '1', 10)
go


insert into ClientAdress (ID, Region, Street, House, Letter, Flat) values (12, 4, '1SMCCB1QA87MJBBWXHIQJH8C6 T8WKW XJQ6GBTDM1D24GHNSLROQ3M 9AHC Y URRB0I 0OK60Q2WOG8X8 V2JIHYLF55RF9PWI', 7, '2', 4)
go


insert into ClientAdress (ID, Region, Street, House, Letter, Flat) values (19, 2, 'KGH5WNBE2O2 BLYSMJM3HCBA8RNOU8 CYYPP46FT7 DFWC 8 V5DNITMFJMWQY52AYNMI3KNR5TBKJE97LUB73B15E6UY204F0TO', 10, '3', 3)
go


insert into ClientAdress (ID, Region, Street, House, Letter, Flat) values (18, 1, '5DXFAO6LQ8BUSCXF4G206FCPBG7ULU9YXQUNP6QLK4URJYAH4LD GTO0CNCJ6EJ1HHJN4IB42K8QLD7QR3HAA0AQFS6DYNRT8JCP', 1, '4', 8)
go


insert into ClientAdress (ID, Region, Street, House, Letter, Flat) values (17, 17, ' MBBYLMDAQKTDCS4AHT8PSEEXVKOEMN1 LLRSVB8ABST08NM9 DA23SNED3CXYUO5RKFTPIQKKR5LFGUCCP48W3YYP3 NHBNQI8Q', 14, '5', 0)
go


insert into ClientAdress (ID, Region, Street, House, Letter, Flat) values (14, 17, '63K8A2 OQ6NP L 9PY55FJQ62UKU9H0FQNS  LGQXEP3TV0ROSTXYOTXIA01LC Q4PK5E2NXDP4RVI0 9IYW 5LJ4O70V2O9R79R', 16, '6', 7)
go


insert into ClientAdress (ID, Region, Street, House, Letter, Flat) values (8, 9, 'NIOC1AFCE TQ8VIL72XURNOBGN50WRBS153IR35GWYT98CEEMQ514D0I1C1EJL757E0B3OXJ86T6M KOGL5PORS0KJH9EODL1Q41', 9, '7', 18)
go


insert into ClientAdress (ID, Region, Street, House, Letter, Flat) values (5, 3, 'D7CYHLAHKK3NAABUNCP5BP4U4KETRXKDPK221D4N1IYGXLNV1BD6SJ7QYHTESQ2H2AS0JPSHQT84HDKLOII8RXF03B6UX7VU2J8W', 11, '8', 14)
go


insert into ClientAdress (ID, Region, Street, House, Letter, Flat) values (6, 19, 'Y1C9790NDR495GVEDS34EM4L5IQE854RIX9MP6GV8 UHRB6MXC XKMAXTX0HTM9HP5NLCNQK1FTBPV9Q5UFO15D2I HUT3FWCI2P', 4, '9', 17)
go


insert into ClientAdress (ID, Region, Street, House, Letter, Flat) values (2, 0, 'XA D0NL5XNXKWSA13P2538KL2DIQG4NS5HHWOBDW2R1RFSY2RH36QI4B6XBMF524D8FMTCRRNYHX6MDATA94UQLYIVS3WXHDU76X', 2, 'A', 19)
go


insert into Postman (TabelNumber, Region, SecondName, FirstName, LastName, Age) values (15, 5, 'P1W5SGC22V8AYL961 U5ERKALDL XN69P5073PW0YXC98CWYWB', 'HQBBJFLPEED6916CYQRQVSBW SSILE9NRAG37ALW0R 7E5X228', 'G9J604RTYF4PJ2I6MIVLHX6NH OI50AXJK6RGN2V1DM6I3LKWJ', 17)
go


insert into Postman (TabelNumber, Region, SecondName, FirstName, LastName, Age) values (1, 19, 'TRJ8Q4YNXJHMYW3I2118JCXXYMBHO6O1L77SHDFIWS11YCHMWF', 'RPIXP3WM0QAG5ULRUYPX9WT2E53P0X9P1F7WQXGIR8IODVNIMV', 'LLX EC9P00HKS08W6BWHJ2K42QO5RBMMIO2RO8KRTJ83QU9DAW', 4)
go


insert into Postman (TabelNumber, Region, SecondName, FirstName, LastName, Age) values (16, 10, 'L51WSQPV3QSKJNSYBXNUVHDFVEWRO4XGM89DLEPV7FGO2VJVLS', 'MW74L3GMQRF9TKGJDMYUOU6V2YEJT4G4AG1 HSKNI34BBHF09M', 'FKMEVYUBEEPE2F  UXBMODOO2X9BC2HPP9IIB3O3KG JFHNSLI', 10)
go


insert into Postman (TabelNumber, Region, SecondName, FirstName, LastName, Age) values (14, 6, '36K4QJ0UJ5WR0QP02FP5LV0JX00LI6I6O0Y7WK98MGJHL67JDL', '06S4XUHVQH98HDUEFSV9ONC368J7V9V3L6A17S3OYBHPGS6A2P', 'EF0PF43UAV8023VB7NBKJCL8W0 8IKA TCYS7O12JOP2NKNVGS', 0)
go


insert into Postman (TabelNumber, Region, SecondName, FirstName, LastName, Age) values (5, 8, 'RALLRRIYHSVKCHCTTQCF61YICEM6BM3BNDE3FDHSTOE24V2Y8Q', 'DS9IYTM2MNC51WE  GRS18MK7KLV0BNU RBFW0LRYWSUCJ4N B', '9ERGF6JT0 PVD78KXKEE44GKL11U8HTJLIT0L2RKW0SHUF22FV', 1)
go


insert into Postman (TabelNumber, Region, SecondName, FirstName, LastName, Age) values (11, 12, '0E7ED3BRMHXO7XL19WRC8POKB5P1RSIGG6F3QUQYLATSPP24 W', 'V883CLHYNJSAX8WRD3G18666R035L5MTB1BGTRM6 4RPPRNIHJ', 'RG12C RMFPE6N4TNMT238M HIA8DKEYH755A721F75FA0GFK8P', 7)
go


insert into Postman (TabelNumber, Region, SecondName, FirstName, LastName, Age) values (13, 14, 'AB4VYXFRPGIIABQWSLYC4L36GONTSLUEDKK8VF13H5B8FVD110', 'NXN2AVBNIKJCL9GFT7O87PED PQ8 X98EC13IK38GAT S243WT', 'EVEVNGYDK2QU 10 7KWLDY3C6MU50V2SPEFYBVGYH0C955QJL4', 13)
go


insert into Postman (TabelNumber, Region, SecondName, FirstName, LastName, Age) values (3, 17, 'X1DC845R1CULQ3200RWU0X9U9Y5TIJM3NAK4LIX408IE05B9XA', 'M6469F93XF00U1BMOWBY7LNEASFXO3NHFMHDHU7B3X2 U9STSW', '  PO2LYDSD23T9K4D4HMNE14Y7 A7O5MWC0VDBO4C19NFG5TYB', 12)
go


insert into Postman (TabelNumber, Region, SecondName, FirstName, LastName, Age) values (6, 19, '7TA6YUSPC09G2VFP69P2DQSQHXQ12DVT0EVHXATSM RBXKNXI4', 'KWC0LQUC J4WV1UHS8HL6J6BS6IL2JNIAEN3KPD39WUF4XOMPU', 'MIE8XPWX4SGAB1RFASK4QVPP7W5Y3RS287Y6CFD88 YI1UJMKL', 11)
go


insert into Postman (TabelNumber, Region, SecondName, FirstName, LastName, Age) values (2, 14, ' PYJ66GJ10R55 CTLJYSARSKJU61P3OHGKCPA88O4Y0Q9PPX 4', '90CH3024H233L1VMXYLFVHB1VXSCRRAH8VNMTC5H38MHYOXXC1', 'HT32WIL1HEMK5NVAQ1YG7P02ALRV 0WA9B7HQC499NGA8Y5AHU', 15)
go


insert into Postman (TabelNumber, Region, SecondName, FirstName, LastName, Age) values (0, 15, ' KR3QC5RWAUQCTYKX98UB 6ATIFJSU2CVIW4M2K5X0CAATP2WX', 'JN9TG9O511YLRIICS CMG33 8A4JETR9YSM9BWD6SH5OPKL1AC', '094G54GYHCLAGV8N4CTPHMKPVDVHNLAQBSMDD6N5QXMUA634CB', 18)
go


insert into Postman (TabelNumber, Region, SecondName, FirstName, LastName, Age) values (18, 1, '5TKA2UYEYWLSFR45B4XMFMYGG6P9LV807U1J4UW462F53E4NRA', 'P RWSL8TJMGVHVAXY RLGJRRAGYALXF3YH410TQ0LVNXCKPQCY', 'GQH1QOOOSH1JE26EWXI5EXLO7OL S3YETAWEGX7GFT0BF9ES19', 5)
go


insert into Postman (TabelNumber, Region, SecondName, FirstName, LastName, Age) values (7, 7, 'D1T1DOIM14X3NKMK4V6 0XDAUHSK1VWNYJCTE9WUYHNCP9NJHK', 'T5QAYYGNV2TPV92F5XC6NEODGHK2QKTING4QCG25EKFASL8LR ', 'CTH6O35JJXL4K2VSKIMVAD1Y71A D4T7QY X2 4OENYWA59FB0', 16)
go


insert into Postman (TabelNumber, Region, SecondName, FirstName, LastName, Age) values (19, 9, 'N9ES PPFL2QBJ8 H7O0I XHO6KOFI512H6VCCC5W72Y4FX1E2S', '6A 16KHGUSTT83R1M4W475OL2F9U7WFM9HA PHS1UNRLPKQA7T', 'G5CIN2FR3  XV6J68DGOJ6DKQBTVHY2IGJAD21FFA7N7KBN0VV', 3)
go


insert into Postman (TabelNumber, Region, SecondName, FirstName, LastName, Age) values (17, 2, ' C7TU4F6O0KS  5K6TY6KWW653EI X7PVE GODW KO4OV2MOO6', 'X84C2E MVD1CDCESS HRU50DL3VEGTDJKU094JWV18VU3STMFB', ' UKNS4YCCYUUPIE KTWA0VKSDA1E0XTYFK7FXL07KFD58DCJ64', 8)
go


insert into Postman (TabelNumber, Region, SecondName, FirstName, LastName, Age) values (9, 14, '81NJDEKPBOYYBE0WTNQ7M5 QJ G6E8N ONE7X3A412CEQ9HS83', 'QWBWF636CY3C7DLL5EQN4IY5U7GTDT  SBAHNJUESH4S8WQTU3', 'I 0V XMX8TL8990C8G66J6SRVOKELHM00XA0S2FCWPE9NMJ26D', 6)
go


insert into Postman (TabelNumber, Region, SecondName, FirstName, LastName, Age) values (10, 0, '6I4AE48RSGLB2IVQ2DD442G6WG938LQEEDIG FL082QDQMAU7M', '1IJBKF45JCCLYNWA BRH7YW695K1CGFMG4FFM5XAOJMMPMG3 X', 'V GSRU0SSVS6YMEKQXJRC4JRG4S0A2CFH2XOUY4LVTT8REB092', 14)
go


insert into Postman (TabelNumber, Region, SecondName, FirstName, LastName, Age) values (12, 14, '1OO KGKF92WKX31XE RX4KFE B7WLGLTTDB B6NPMRYLFM4MWS', 'DDAOD3JOU4O676PLRGOXH6KOMXBUSU5 OY11087Q7YP9MTS6WC', '1 43FOBCOM4FAA75TU6RLGS4OYRG5NV6JYY83M8K8JBAPMJSIP', 9)
go


insert into Postman (TabelNumber, Region, SecondName, FirstName, LastName, Age) values (8, 8, 'IKA770 GTIEXCU598TPNO Q7L7VBUYP1RWLOUJWIQCBKUTWQCW', ' 328579 NYBLNECF48KHWSEN7M2KYBTIOO SLO0ND6H9T4LE21', '5YIDM3M1M2DPQF1K4NTP2CBAVRAH490AECXOMESGD9WK2HJ DI', 19)
go


insert into Postman (TabelNumber, Region, SecondName, FirstName, LastName, Age) values (4, 2, 'SXGYKTWMWERM EV5MIRWHKTX2LS1MNF8L44LLENM71NFJWY7X8', 'VMGKNTPV0BSM0PMAL4GWU7XHQPFC6U3XSD0WNDKBXU3SH6F77E', 'ELUSX60FHV68JBW81 DNSN0D L2YDJXCIQNV9QGCGHVBIO4EWF', 2)
go


insert into Abonent (AbonentCode, ClientAdress, SecondName, FirstName, Patronymic, BirthDay) values (10, 16, 'EUV292J00L09V83FSSP2 M7KPLYFSA80GTQN8F7MVGY0I85A3 SIX6PGH6VJL0I5VVVXJ6BXMQVWMBHWGEA92SA5HKGUEEUXA9SN', ' K 6M0SR96IOUBFNH5XIO46QXX9UP9MG6LHR0S816SCK2 L43BU9BX78EBI8DYVF45YUP8W5BQGJ5PM47VSJUTVE8NW7YLTJC093', 'X7XFRC3E33J8HTOJ78JD6JT6 TH4H3YOIKB29BPCVTCCT 6UENUV8GSFQ28SYITH7KT35AG60GC8SIN33O U1FF7IH0VPEWSDC9G', 11)
go


insert into Abonent (AbonentCode, ClientAdress, SecondName, FirstName, Patronymic, BirthDay) values (0, 1, 'B7I8HALQYJ5DOOLLX QRIDU4UPTPU MJLOLHYPJE48BD39NP1JUXU5UBKD8E W8EB0G30CVSO1E2CB4WRIOW55VC080HKJ4YBX70', ' UJ06JNILABDS9NR74A3YJTY5F2379FPHUMHBYUX9B4PO6KVS18B1XR82GXC 9LE9C7L315SH68XMMRECI4 T E97DEPXO4FT439', 'X8WLMYV5PQA0DE091JSIKGY6JSD2RV13WAOU83VHTBFUNMQ2I33UL2VL3 QCLV81CXLPPD0M55KDUYIBNQT9RB70YHG6FUK9FYNI', 13)
go


insert into Abonent (AbonentCode, ClientAdress, SecondName, FirstName, Patronymic, BirthDay) values (7, 10, '0DBU2VU7KTCIFBDDGE14LA8XXAD4DG4SPRBJMXB07K9V8JAMAR2OMW59RCSQ3TMDB6YVMOPB62IC84WEITF BO5I6LVN3M7DD6 V', 'U4RMX0FX9WOB2713J6JUFS3I4EHL1TOJST4HPR4L7JU8IPQQDA6A2 97LMC86U0G 1RWB4GVVF08O8LWEDGFU2W78VH6XCU3I F0', 'C6IYTGAY8TH0MBGCIV2BK5CN92HW7D 3WKCYNQGFJCB9E2Q7T98IA57EGL1 OIVUGG32JP 5TJE5YFIHYR2LFT4JVAVNP RNKI0S', 3)
go


insert into Abonent (AbonentCode, ClientAdress, SecondName, FirstName, Patronymic, BirthDay) values (12, 14, '7WXDTODEIAV2D063RJT9NROUTOOVX0SKHM42TGSF HYHLG 41MUN4B0AN5UHBRF3E4MQACBXFI5 A5B40E3BXL9WVFRBC9LJU2UC', 'PM7ONN1W VOOLPMMUYJ0WVUSE9JJA1YH6HQ1TMYE7GO9TW7TNAG4BOJ14E5X40DHHT7XL1YEKN0QWUQG6IJ15MVBY7DHSXVOQF9G', '6H03K3SU35UDPEQJ6W9SNSF23MAY550O8BSNQJ6HK8XJ61VGMC BGHOFIN5QKMMA9VRTM7W91018WAYDSERXAKBWLIBHJX38O H3', 17)
go


insert into Abonent (AbonentCode, ClientAdress, SecondName, FirstName, Patronymic, BirthDay) values (4, 19, 'SY8EMEKJXT48KNMETMISN6N495O3MAE98RGC7GFKG 6OFCKMU8IX2ET1NUPWF 1J 0IEOB715XRL8UA7N1MG6ARVJIB6TLOLRPM4', '0VE5OUNBIP HRVEDWB8M90JCX1TBI DO5CSDI8978XWD4D6P1O8HPVNR3 N6PTIPU1RBKR8NM8I8GTTNYTKXHPE0QL2KQ6FPYP4U', 'Y5 G11P8UKYFILAUL0OSTVU98V94WWOJU82A17LUD0MRORDW5KQCMS K71PN40APU3G2FNHV7NBKYYYE9S6VBK2KFRKHK2CPW664', 5)
go


insert into Abonent (AbonentCode, ClientAdress, SecondName, FirstName, Patronymic, BirthDay) values (6, 5, 'KUGHRRX9JOBY4HXGUG6VC5V8CTEIPLP469XWFBBXUQ95NP22XNVUXHD9FOFUEB83SYIXN99VG6WLYOGI2 S4H3GMDH5PT6EQLP8M', 'N7IY2M3KAQSWV85J342D81UBB GT6GV8 4REVE0HLJB40M1DIJN6VPYRN MA5P5D7SACB3SMRC82E1G415SSSDITAQLBE27OEB15', 'FSCOK7020K69J 9Q5POV87QCA317COUS9CB506FFD9DU08 974ILG8N0ADQBXLPH0BNRHWU0FYW37FXWKWEG9LI8GHYQUOQMO RE', 8)
go


insert into Abonent (AbonentCode, ClientAdress, SecondName, FirstName, Patronymic, BirthDay) values (1, 10, 'E0QFPE9O953YYU2KO8ENDR4OBC3QNICM0RCYQ5G93ONN4U0MK16QME0YOQRVYN548JEUNDPTGIFVY 15LDF84IP730LYDR8R82UI', 'GM54K11H1RPXF RK4 TV7IP7DGH30LN8E2XO5DV4TDCHWSH UT9XTFX9D5L1V9C01V5I5RKUKP10Y4LFUFHFVCWSPM9IBR4YAPYD', 'FF92KWEGW7E26HCO7R3VKBDQMHJM4VALLPCX1KMYF1A8UKK1CYWRDYT28CD06TYB7BCY QH3G57WE4CR091QFV9 3D49J N6UP9K', 10)
go


insert into Abonent (AbonentCode, ClientAdress, SecondName, FirstName, Patronymic, BirthDay) values (17, 8, 'FEH9QSGXUFQONXEMUI6N4OERPM7TKW9FYRE3PDB40PW5 31CM3L2S0L5PFX18EX0394BLVCVNLD494WW79BPH0D XLEPLNRUH2NI', 'JJLHYXM9LACFXO6FMWX6HNF2YBIKUKPKQP1WLG3K7GNGTMAFNJXTSB5RXYSCEOVVJ2P1 0KPKG144QUK IK4LXN5NFTXIM2N5A1T', 'GH0Y1IELFE5O3HAS9QWBYGEYUPG7K3N6G5H2OXQUKYN5Q83SBJYG1AENLOJ1QHS9UC7M9 SA9KM2LWIQWJY9XA X9WBT7ONAD0S7', 19)
go


insert into Abonent (AbonentCode, ClientAdress, SecondName, FirstName, Patronymic, BirthDay) values (2, 15, '0SHIS4AML19T98TD1JH8WSQNGKAGSJYQXACIEOT9GK ODKOGM6CS2188 TSEICAKSD6BDVC6PBM202RTWC2NPLDARU3A4I07FTWE', 'LJD1V SXCN1E Q2KR4AC3C5TO62S8O48QBXHPIQI BA3J1CM3SM1I 1P9HVNRHO9MWVF29GIA04CV  T95BENJB6KWK87L5YE3YT', '4 RIVD0TONCN9BG4MRQG4LA786QSSAV1X2I7QRXBFFYKJN91INTWG94EECBBNOATT6K11CM2P FJSP9FGT3ZEPP4RAAGGW3SAY4P', 2)
go


insert into Abonent (AbonentCode, ClientAdress, SecondName, FirstName, Patronymic, BirthDay) values (11, 1, 'HLFYPMFKKU UV6DS4 RAUXRRW7OB173BE1RU5M8VBAFH0MQAE155L00I3 X1BU1KRP5I48JNH2D73F46MWHDUYN7WNM79VJT0AM7', 'E94MK85BKW9QVO84KVI S2D ERLD4154IBKHYTARQW WE3DGUPST1 RVKHPNR3GDL0CVHSIXSVR 9FV7CI0EAU9HE3WV5 63BOKK', 'U4I2QRGOXTKCNS2D12 PTY6SL0FQBX Y7B5U65G3VOFCQ VWAM5VC 70FBKY5AOM0EBG35EYC86FQHDB13H0OU7S5E1AM4AG26VH', 16)
go


insert into Abonent (AbonentCode, ClientAdress, SecondName, FirstName, Patronymic, BirthDay) values (18, 13, '53KM4380F3BKQWTYTC7LCBQ0B67LLUBQ6Q5JAMLGNXOLKSFF6HUFDAG9DG7LUOLDJEQ6U56KSY8FXGNVWLDIV81BN6FHXFVYX3IC', '4KXNLJRLS 3MGJNJG5MUXM581LODOH2BQSW9EBVE7EGKVSU1EOQKMX5V56IS4CCY4DUKVIL5LIMFS4FRUJNRCNA31AEHJYIDXJF0', 'YM0H0RF9391G1EFXGTOSV4F3S7PA5PU3L8MUHPUYO0 60QN2QVUSNOI996B2UDFXBE8C8XB6Q8 DJKWB0UIKEIA9 D9MQS05TAH9', 0)
go


insert into Abonent (AbonentCode, ClientAdress, SecondName, FirstName, Patronymic, BirthDay) values (5, 15, 'NGUYB3O8G43WGJANM400VKCY WTVJN9WFNOR5YB9RDELP1OQ94XR2O5S2A60XOGOT1UMIX6RAYIPVLDMFQLHPAOP30XS0J7LC9PQ', '432K0HD3P4TID2I3E8J36O655UDESREHLV6EERM L569KWQSGUJ5 GUYM9C04UOG6HCHM1H2UD8XVWSHLGLMPXNM18J5ETDX79QM', 'NGT4W5HY2P357C5V AS0B BX7U2I6WQW0NLI9VMW16DJJQWL40B10XWXORA8W0VMK7WMA645QDX R4KLI08DAY3MD1G4U4LSD 98', 1)
go


insert into Abonent (AbonentCode, ClientAdress, SecondName, FirstName, Patronymic, BirthDay) values (19, 3, '49X GYDDNHS9LQYLQ0EJXS566D9MF8RT2WUBKQ6B3Q1L6734E7G3AN2P662OH6P3TMW1TXATN6WKFF8LE0M9UU5C7MQSPJCEAYRK', 'DC7U7QFGMCDICVQULSUFTLPRV0PDBD6PCX7BUZVU2NAMKLI7QYY6W09WS24WNQ2M4D12DK95ELI3K 836LM5JTAL9U50Q3JA4JF6', 'VPFRDT6L HLQPT5JOJO2FDLIDL5TH7BN9UJQ3HOVPJ2Y5AQM7  A UU66JG6SDVR7S95WJ5 TQT88IWA8B4EYRGKES5B57VXQGX5', 7)
go


insert into Abonent (AbonentCode, ClientAdress, SecondName, FirstName, Patronymic, BirthDay) values (13, 1, 'AG5O8FQ8M1S0VDEY7YWOU8YYB2N1T7NB1IF74WNMUYB A0U2RT3S2A69BTRT2JJPYMW9 RCT3BJMLFQJXIKAAVETR4 57S08WIK7', 'QT1FP76U33TYS8N8G7IWAKHWGWCORI99DS7RWTL7AUWAGL SP49YTN054GXRAQJG2AI8W072MWPKURQQTCNVOVRYJTCKXUHG00B2', 'IPLX1Q4DO15JOCBTM8X0RTC5QVGHUCNEE0JOWIP7F1O5NGN1B2TKD3ALR0W9KF5H6FYWYAPQLNX3FRMP9XYDC090UTI2LB6IDNWK', 14)
go


insert into Abonent (AbonentCode, ClientAdress, SecondName, FirstName, Patronymic, BirthDay) values (14, 1, 'XY8XCMAJ4VIE0IDCBSDOHKQXQNADK7HYH7B2FMNYKF9O5HOMBPG291NKLJBPN3Y J2BF2ARJ4WNEGDUCX0N5UOH34PNRNRF9FTK7', 'W YJ9Y5MYGE86XN4S 4Y26H512EAUJ3MI8RQ  QII8YLHDS8MMO7KQPI67O3X4JXDYTDM457 JD7O52RRMCF8XUIBN5A767GS9WC', 'CV JJ1KE42W4YO Q SXKV34QTPQTCOMAMS2AHOJOB3TKRHOH2ENEHYOKE4GOHTI4RF5PNAW W7CD S2 SJHQDRAF0XNG M2P4W2H', 6)
go


insert into Abonent (AbonentCode, ClientAdress, SecondName, FirstName, Patronymic, BirthDay) values (8, 5, 'TUO6UGRG WAD0ARY6YDUSU7AR0LQC8HF2TBVVXYOB48GED7K8RU1DSNR9 HCE2T4G TK7PCVUF9GP6HVN5PT0VE2 15TYTV35XRU', 'YEQU1HLF0R32IAJOY42TN3UXN44J3L0 4IIOCEQ33K7F35SL6H859LYOL7VGGN96Q05XFY3N0LC8O3SDMWVB3EVPSDROYGXDR7YV', '2VTY9N4WQ974PS1T15ARQ69H Y16I5ADRRNS5EEI5XDCSEOXX32G0SW8HY9A2V06MHY5P76N712KFIDCES9 OEV2H1Q6FI1QFYEA', 15)
go


insert into Abonent (AbonentCode, ClientAdress, SecondName, FirstName, Patronymic, BirthDay) values (15, 8, '8XSSLSL 8V88LT22BN3HGRWL2NJNBISVRIS6LJK6QHP26Q68AE48446L7EH9 TSCX5HUP9PRDQVQD8I898EOBBK97R B3BRGDCOK', 'P34 7S5WA9ENH221243OEEPLK9FHK6YSJ1FLJRVUU1MODHO6 LBU VDN8MC1 SR15APGA FK74M6AE6KJ CYI3YBPDG06PNYQMW3', 'HN0RS6SAFYRFNQKC0G2ITVMNKDTVV9SYI16BQ5CI F5IWPY2Q5309F9 VHHGLU4G4IKUQ3MTOBH06RG7VJ74F03 6OTE3FJK3XRV', 18)
go


insert into Abonent (AbonentCode, ClientAdress, SecondName, FirstName, Patronymic, BirthDay) values (3, 18, 'QRPYR8BQ2TMM20L3BVTMD4WAINV01BV7D8DIS9BI2C9CWE V8JU5CSWP TG9D46N93PRXYSM3XC DSKE5FPY8O5263 05LDTW0UG', '5NGI5IQGLVN2CP6BD5D5PMM RDL B33K5S49CFFC5PXNXGYQC 7MWSX1RY7IX1HGT6DCCFC54IE6O8 KM9PERJKRKIR0D4GV2DRC', 'FDOAKVDCGABCYC9FX4T OJ9OTYCOO 00APPH122 LVWLU7UG8L7V0FW81Q0OE55TT03LXOIEEEPMUE4WPI627LH31A3YBMRYALCA', 9)
go


insert into Abonent (AbonentCode, ClientAdress, SecondName, FirstName, Patronymic, BirthDay) values (9, 7, 'V69KSYWMHFW41TMMIMLYN 3MMCVMP 30VO0YM46UNBAGSD0826SXWCKYDRS30AWAJTVD3DITO7MY50CF8PWMB8CFG V62GVOTWEH', 'MC9R6N6OY9PPTFP0QTYB1R5YG7JH5QHXK95LBC 5 4RJXPS46WJCEAYWVHFHSDDPGK3K I9MVMV1C43EA9229GEC8FYK480DIWC6', 'HA94K3HLO31DOAUHOWE9YFFHSG04YW6QA7KQOF07H71JAKGMA4QUTBWPOFRY0SEPFJAR74DRPDB6P9HFAR6XK9LO74H8GC1GC8 U', 4)
go


insert into Abonent (AbonentCode, ClientAdress, SecondName, FirstName, Patronymic, BirthDay) values (16, 6, 'GYG7UPH3UVCGOAUQ63KYA IX BT65XTW0EP8R24FGGU KV4VNIG2QHRFT0L8DPXDWH1LGIEJGIU8C6VSWHFP0 ERJVBUOS9N6CIL', ' V25QW0OWIJK8RD8OCEX0T4YNYJMU9CEMX3VHB7GSEKC3GE44UI8LM4GA1T9ETNSI0QVYKQXP6DGTPCHEPVWD77DERB1640FQ60C', 'L7NYC5Q VNFHA44M40QW XEP9W7SWYVM5075PPRQQ82UD9L36HRG1YA5C371C6TS35I6I4KA4RA401AKFW5YU5MFEXJ1C3A1IG5D', 12)
go


insert into Mail (MailCode, TypeMail, Sender, Reciever) values (11, 18, 10, 10)
go


insert into Mail (MailCode, TypeMail, Sender, Reciever) values (1, 7, 8, 5)
go


insert into Mail (MailCode, TypeMail, Sender, Reciever) values (10, 11, 10, 17)
go


insert into Mail (MailCode, TypeMail, Sender, Reciever) values (0, 3, 3, 5)
go


insert into Mail (MailCode, TypeMail, Sender, Reciever) values (5, 16, 18, 8)
go


insert into Mail (MailCode, TypeMail, Sender, Reciever) values (15, 2, 5, 11)
go


insert into Mail (MailCode, TypeMail, Sender, Reciever) values (9, 5, 2, 6)
go


insert into Mail (MailCode, TypeMail, Sender, Reciever) values (8, 14, 15, 10)
go


insert into Mail (MailCode, TypeMail, Sender, Reciever) values (19, 19, 6, 0)
go


insert into Mail (MailCode, TypeMail, Sender, Reciever) values (16, 14, 15, 14)
go


insert into Mail (MailCode, TypeMail, Sender, Reciever) values (13, 13, 12, 8)
go


insert into Mail (MailCode, TypeMail, Sender, Reciever) values (4, 16, 7, 7)
go


insert into Mail (MailCode, TypeMail, Sender, Reciever) values (17, 13, 14, 0)
go


insert into Mail (MailCode, TypeMail, Sender, Reciever) values (2, 5, 15, 4)
go


insert into Mail (MailCode, TypeMail, Sender, Reciever) values (7, 11, 18, 2)
go


insert into Mail (MailCode, TypeMail, Sender, Reciever) values (18, 14, 3, 4)
go


insert into Mail (MailCode, TypeMail, Sender, Reciever) values (14, 10, 12, 1)
go


insert into Mail (MailCode, TypeMail, Sender, Reciever) values (3, 2, 9, 6)
go


insert into Mail (MailCode, TypeMail, Sender, Reciever) values (6, 19, 11, 12)
go


insert into Mail (MailCode, TypeMail, Sender, Reciever) values (12, 12, 1, 2)
go


insert into Subscribe (Code, Edition, Abonent, Period, Cost) values (0, 'JQGLIMBRPJ19OAD8XD B', 4, 13, 12)
go


insert into Subscribe (Code, Edition, Abonent, Period, Cost) values (2, 'OABV8AO2WU9DW9KDCO9C', 4, 11, 3)
go


insert into Subscribe (Code, Edition, Abonent, Period, Cost) values (1, 'BAHU9VAOUSU9WWWVCB51', 11, 9, 6)
go


insert into Subscribe (Code, Edition, Abonent, Period, Cost) values (11, 'BAHU9VAOUSU9WWWVCB51', 17, 19, 8)
go


insert into Subscribe (Code, Edition, Abonent, Period, Cost) values (8, 'V2DNABXHVOGISGYFDVO2', 11, 16, 9)
go


insert into Subscribe (Code, Edition, Abonent, Period, Cost) values (6, '9PS5RQR PYL07AFCIMU4', 13, 14, 4)
go


insert into Subscribe (Code, Edition, Abonent, Period, Cost) values (19, 'V2DNABXHVOGISGYFDVO2', 3, 12, 10)
go


insert into Subscribe (Code, Edition, Abonent, Period, Cost) values (16, 'OABV8AO2WU9DW9KDCO9C', 10, 3, 17)
go


insert into Subscribe (Code, Edition, Abonent, Period, Cost) values (18, 'PG57AYI3TWBEKABMCGVL', 7, 6, 13)
go


insert into Subscribe (Code, Edition, Abonent, Period, Cost) values (14, 'BAHU9VAOUSU9WWWVCB51', 12, 2, 19)
go


insert into Subscribe (Code, Edition, Abonent, Period, Cost) values (7, 'V2DNABXHVOGISGYFDVO2', 14, 4, 18)
go


insert into Subscribe (Code, Edition, Abonent, Period, Cost) values (13, '2NYH974WAHBH834R57 8', 17, 18, 7)
go


insert into Subscribe (Code, Edition, Abonent, Period, Cost) values (9, 'PG57AYI3TWBEKABMCGVL', 1, 7, 1)
go


insert into Subscribe (Code, Edition, Abonent, Period, Cost) values (4, '   3RIC2TCOYLAVH4BJS', 2, 5, 11)
go


insert into Subscribe (Code, Edition, Abonent, Period, Cost) values (3, 'M7792UEAEXR5IYB0QW78', 2, 15, 15)
go


insert into Subscribe (Code, Edition, Abonent, Period, Cost) values (5, '   3RIC2TCOYLAVH4BJS', 4, 17, 0)
go


insert into Subscribe (Code, Edition, Abonent, Period, Cost) values (12, 'JQGLIMBRPJ19OAD8XD B', 15, 0, 5)
go


insert into Subscribe (Code, Edition, Abonent, Period, Cost) values (15, 'MOGDOMMU REKNM7 EFIS', 0, 1, 14)
go


insert into Subscribe (Code, Edition, Abonent, Period, Cost) values (10, '9PS5RQR PYL07AFCIMU4', 19, 10, 2)
go


insert into Subscribe (Code, Edition, Abonent, Period, Cost) values (17, 'Q SLG5O OUWLU1 T4Q5T', 10, 8, 16)
go


